Imagen física,Anchura real,Altura real,HTML afectados,Incidencias,Todas las rutas HTML afectadas,Fuente
images/2.webp,400,400,10,20,"cat/index.html
de/index.html
es/index.html
fr/index.html
index.html
it/index.html
nl/index.html
pl/index.html
pt/index.html
sv/index.html",RSB-002 · ZIP auditado + dimensiones físicas
images/9.webp,300,300,10,20,"cat/index.html
de/index.html
es/index.html
fr/index.html
index.html
it/index.html
nl/index.html
pl/index.html
pt/index.html
sv/index.html",RSB-002 · ZIP auditado + dimensiones físicas
images/rsb-barcelona-rental-hero-group-beach-1600-v1.webp,1600,874,20,20,"blog/index.html
cat/blog/index.html
cat/index.html
de/blog/index.html
de/index.html
es/blog/index.html
es/index.html
fr/blog/index.html
fr/index.html
index.html
it/blog/index.html
it/index.html
nl/blog/index.html
nl/index.html
pl/blog/index.html
pl/index.html
pt/blog/index.html
pt/index.html
sv/blog/index.html
sv/index.html",RSB-002 · ZIP auditado + dimensiones físicas
images/rsb-barcelona-rental-hero-group-beach-800-v1.webp,800,437,10,20,"Prices/index.html
cat/Prices/index.html
de/Prices/index.html
es/Prices/index.html
fr/Prices/index.html
it/Prices/index.html
nl/Prices/index.html
pl/Prices/index.html
pt/Prices/index.html
sv/Prices/index.html",RSB-002 · ZIP auditado + dimensiones físicas
images/rsb-barcelona-rental-rsb-villa-olimpica-del-poble-nou--rent-skateboard-barcelona-soleado-800-v1.webp,800,1200,10,20,"cat/index.html
de/index.html
es/index.html
fr/index.html
index.html
it/index.html
nl/index.html
pl/index.html
pt/index.html
sv/index.html",RSB-002 · ZIP auditado + dimensiones físicas
images/rsb-barcelona-rental-shop-interior-inline-skates-bike-vila-olimpica-640.webp,640,336,10,10,"Prices/index.html
cat/Prices/index.html
de/Prices/index.html
es/Prices/index.html
fr/Prices/index.html
it/Prices/index.html
nl/Prices/index.html
pl/Prices/index.html
pt/Prices/index.html
sv/Prices/index.html",RSB-002 · ZIP auditado + dimensiones físicas
images/rsb-bike-rental-barcelona-vila-olimpica-800.webp,800,533,10,10,"blog/bike/index.html
cat/blog/bike/index.html
de/blog/bike/index.html
es/blog/bike/index.html
fr/blog/bike/index.html
it/blog/bike/index.html
nl/blog/bike/index.html
pl/blog/bike/index.html
pt/blog/bike/index.html
sv/blog/bike/index.html",RSB-002 · ZIP auditado + dimensiones físicas
images/rsb-bike-rental-shop-olympic-village-barcelona.webp,480,720,60,60,"Prices/index.html
bike/index.html
cat/Prices/index.html
cat/bike/index.html
cat/longboard/index.html
cat/quads/index.html
cat/rollerblades/index.html
cat/skateboard/index.html
de/Prices/index.html
de/bike/index.html
de/longboard/index.html
de/quads/index.html
de/rollerblades/index.html
de/skateboard/index.html
es/Prices/index.html
es/bike/index.html
es/longboard/index.html
es/quads/index.html
es/rollerblades/index.html
es/skateboard/index.html
fr/Prices/index.html
fr/bike/index.html
fr/longboard/index.html
fr/quads/index.html
fr/rollerblades/index.html
fr/skateboard/index.html
it/Prices/index.html
it/bike/index.html
it/longboard/index.html
it/quads/index.html
it/rollerblades/index.html
it/skateboard/index.html
longboard/index.html
nl/Prices/index.html
nl/bike/index.html
nl/longboard/index.html
nl/quads/index.html
nl/rollerblades/index.html
nl/skateboard/index.html
pl/Prices/index.html
pl/bike/index.html
pl/longboard/index.html
pl/quads/index.html
pl/rollerblades/index.html
pl/skateboard/index.html
pt/Prices/index.html
pt/bike/index.html
pt/longboard/index.html
pt/quads/index.html
pt/rollerblades/index.html
pt/skateboard/index.html
quads/index.html
rollerblades/index.html
skateboard/index.html
sv/Prices/index.html
sv/bike/index.html
sv/longboard/index.html
sv/quads/index.html
sv/rollerblades/index.html
sv/skateboard/index.html",RSB-002 · ZIP auditado + dimensiones físicas
images/rsb-inline-skates-rental-barcelona-vila-olimpica-800.webp,800,533,38,38,"blog/beginner-inline-skating-barcelona/index.html
blog/best-rollerblading-routes-barcelona/index.html
blog/hourly-inline-skate-rental-barcelona/index.html
blog/inline-skates/index.html
cat/blog/best-rollerblading-routes-barcelona/index.html
cat/blog/inline-skates/index.html
cat/blog/lloguer-patins-linia-barcelona-per-hores/index.html
cat/blog/patinar-linia-barcelona-principiants/index.html
de/blog/best-rollerblading-routes-barcelona/index.html
de/blog/inline-skates/index.html
de/blog/inlineskaten-barcelona-anfaenger/index.html
de/blog/inlineskates-stundenweise-mieten-barcelona/index.html
es/blog/best-rollerblading-routes-barcelona/index.html
es/blog/inline-skates/index.html
fr/blog/best-rollerblading-routes-barcelona/index.html
fr/blog/inline-skates/index.html
fr/blog/location-rollers-en-ligne-barcelone-heure/index.html
fr/blog/roller-en-ligne-debutants-barcelone/index.html
it/blog/best-rollerblading-routes-barcelona/index.html
it/blog/inline-skates/index.html
it/blog/noleggio-pattini-linea-barcellona-a-ore/index.html
it/blog/pattinaggio-inline-principianti-barcellona/index.html
nl/blog/best-rollerblading-routes-barcelona/index.html
nl/blog/inline-skaten-barcelona-beginners/index.html
nl/blog/inline-skates-huren-barcelona-per-uur/index.html
nl/blog/inline-skates/index.html
pl/blog/best-rollerblading-routes-barcelona/index.html
pl/blog/inline-skates/index.html
pl/blog/jazda-na-rolkach-barcelona-poczatkujacy/index.html
pl/blog/wynajem-rolek-na-godziny-barcelona/index.html
pt/blog/aluguer-patins-linha-barcelona-a-hora/index.html
pt/blog/best-rollerblading-routes-barcelona/index.html
pt/blog/inline-skates/index.html
pt/blog/patinagem-inline-barcelona-iniciantes/index.html
sv/blog/best-rollerblading-routes-barcelona/index.html
sv/blog/hyra-inlines-barcelona-per-timme/index.html
sv/blog/inline-skates/index.html
sv/blog/inline-skating-barcelona-nyborjare/index.html",RSB-002 · ZIP auditado + dimensiones físicas
images/rsb-longboard-rental-barcelona-hero-group-beach-1600-v1.webp,1600,1066,10,10,"cat/longboard/index.html
de/longboard/index.html
es/longboard/index.html
fr/longboard/index.html
it/longboard/index.html
longboard/index.html
nl/longboard/index.html
pl/longboard/index.html
pt/longboard/index.html
sv/longboard/index.html",RSB-002 · ZIP auditado + dimensiones físicas
images/rsb-longboard-rental-barcelona-vila-olimpica-800.webp,800,478,20,20,"blog/longboard/index.html
cat/blog/longboard/index.html
cat/longboard/index.html
de/blog/longboard/index.html
de/longboard/index.html
es/blog/longboard/index.html
es/longboard/index.html
fr/blog/longboard/index.html
fr/longboard/index.html
it/blog/longboard/index.html
it/longboard/index.html
longboard/index.html
nl/blog/longboard/index.html
nl/longboard/index.html
pl/blog/longboard/index.html
pl/longboard/index.html
pt/blog/longboard/index.html
pt/longboard/index.html
sv/blog/longboard/index.html
sv/longboard/index.html",RSB-002 · ZIP auditado + dimensiones físicas
images/rsb-quad-skates-rental-barcelona-vila-olimpica-800.webp,800,533,10,10,"blog/roller-skates/index.html
cat/blog/roller-skates/index.html
de/blog/roller-skates/index.html
es/blog/roller-skates/index.html
fr/blog/roller-skates/index.html
it/blog/roller-skates/index.html
nl/blog/roller-skates/index.html
pl/blog/roller-skates/index.html
pt/blog/roller-skates/index.html
sv/blog/roller-skates/index.html",RSB-002 · ZIP auditado + dimensiones físicas
images/rsb-rental-scooter-barcelona-shop-vila-olimpica.webp,585,594,20,20,"cat/location-contact/index.html
cat/scooter/index.html
de/location-contact/index.html
de/scooter/index.html
es/location-contact/index.html
es/scooter/index.html
fr/location-contact/index.html
fr/scooter/index.html
it/location-contact/index.html
it/scooter/index.html
location-contact/index.html
nl/location-contact/index.html
nl/scooter/index.html
pl/location-contact/index.html
pl/scooter/index.html
pt/location-contact/index.html
pt/scooter/index.html
scooter/index.html
sv/location-contact/index.html
sv/scooter/index.html",RSB-002 · ZIP auditado + dimensiones físicas
images/rsb-rollerblades-rental-barcelona-hero-group-beach-1600-v1.webp,1600,874,10,20,"cat/rollerblades/index.html
de/rollerblades/index.html
es/rollerblades/index.html
fr/rollerblades/index.html
it/rollerblades/index.html
nl/rollerblades/index.html
pl/rollerblades/index.html
pt/rollerblades/index.html
rollerblades/index.html
sv/rollerblades/index.html",RSB-002 · ZIP auditado + dimensiones físicas
images/rsb-scooter-rental-barcelona-hero-group-v1-1536.webp,1536,672,10,10,"cat/scooter/index.html
de/scooter/index.html
es/scooter/index.html
fr/scooter/index.html
it/scooter/index.html
nl/scooter/index.html
pl/scooter/index.html
pt/scooter/index.html
scooter/index.html
sv/scooter/index.html",RSB-002 · ZIP auditado + dimensiones físicas
images/rsb-scooter-rental-barcelona-vila-olimpica-800.webp,800,936,30,30,"Prices/index.html
blog/50cc-vs-125cc-scooter-rental-barcelona/index.html
blog/scooter/index.html
cat/Prices/index.html
cat/blog/50cc-vs-125cc-scooter-rental-barcelona/index.html
cat/blog/scooter/index.html
de/Prices/index.html
de/blog/50cc-vs-125cc-scooter-rental-barcelona/index.html
de/blog/scooter/index.html
es/Prices/index.html
es/blog/50cc-vs-125cc-scooter-rental-barcelona/index.html
es/blog/scooter/index.html
fr/Prices/index.html
fr/blog/50cc-vs-125cc-scooter-rental-barcelona/index.html
fr/blog/scooter/index.html
it/Prices/index.html
it/blog/50cc-vs-125cc-scooter-rental-barcelona/index.html
it/blog/scooter/index.html
nl/Prices/index.html
nl/blog/50cc-vs-125cc-scooter-rental-barcelona/index.html
nl/blog/scooter/index.html
pl/Prices/index.html
pl/blog/50cc-vs-125cc-scooter-rental-barcelona/index.html
pl/blog/scooter/index.html
pt/Prices/index.html
pt/blog/50cc-vs-125cc-scooter-rental-barcelona/index.html
pt/blog/scooter/index.html
sv/Prices/index.html
sv/blog/50cc-vs-125cc-scooter-rental-barcelona/index.html
sv/blog/scooter/index.html",RSB-002 · ZIP auditado + dimensiones físicas
images/rsb-skateboard-rental-barcelona-hero-group-beach-1600-v1.webp,1600,1066,10,10,"cat/skateboard/index.html
de/skateboard/index.html
es/skateboard/index.html
fr/skateboard/index.html
it/skateboard/index.html
nl/skateboard/index.html
pl/skateboard/index.html
pt/skateboard/index.html
skateboard/index.html
sv/skateboard/index.html",RSB-002 · ZIP auditado + dimensiones físicas
images/rsb-skateboard-rental-barcelona-vila-olimpica-800.webp,800,360,30,30,"Prices/index.html
blog/skateboard/index.html
cat/Prices/index.html
cat/blog/skateboard/index.html
cat/skateboard/index.html
de/Prices/index.html
de/blog/skateboard/index.html
de/skateboard/index.html
es/Prices/index.html
es/blog/skateboard/index.html
es/skateboard/index.html
fr/Prices/index.html
fr/blog/skateboard/index.html
fr/skateboard/index.html
it/Prices/index.html
it/blog/skateboard/index.html
it/skateboard/index.html
nl/Prices/index.html
nl/blog/skateboard/index.html
nl/skateboard/index.html
pl/Prices/index.html
pl/blog/skateboard/index.html
pl/skateboard/index.html
pt/Prices/index.html
pt/blog/skateboard/index.html
pt/skateboard/index.html
skateboard/index.html
sv/Prices/index.html
sv/blog/skateboard/index.html
sv/skateboard/index.html",RSB-002 · ZIP auditado + dimensiones físicas
images/skateboards-rental-barcelona.webp,514,510,10,20,"cat/index.html
de/index.html
es/index.html
fr/index.html
index.html
it/index.html
nl/index.html
pl/index.html
pt/index.html
sv/index.html",RSB-002 · ZIP auditado + dimensiones físicas
